,"PROBEID","ENTREZID","SYMBOL"
1,"38829_r_at",8570,"KHSRP"
2,"1663_at",5916,"RARG"
3,"32041_r_at",988,"CDC5L"
4,"803_at",6884,"TAF13"
5,"36267_at",4795,"NFKBIL1"
6,"39638_at",7023,"TFAP4"
7,"36137_at",1108,"CHD4"
8,"36894_at",23492,"CBX7"
9,"34179_at",9278,"ZBTB22"
10,"41536_at",3400,"ID4"
11,"2068_s_at",1870,"E2F2"
12,"38787_at",5371,"PML"
13,"1073_at",6917,"TCEA1"
14,"1973_s_at",4609,"MYC"
15,"1672_f_at",5925,"RB1"
16,"38311_at",60436,"TGIF2"
17,"633_s_at",7029,"TFDP2"
18,"41788_i_at",9819,"TSC22D2"
19,"32093_at",26038,"CHD5"
20,"34725_at",2909,"ARHGAP35"
21,"31602_at",6911,"TBX6"
22,"38627_at",3131,"HLF"
23,"32447_at",2516,"NR5A1"
24,"31698_at",2303,"FOXC2"
25,"40536_f_at",9669,"EIF5B"
26,"1045_s_at",5970,"RELA"
27,"1955_s_at",4091,"SMAD6"
28,"35563_at",57591,"MKL1"
29,"41763_g_at",7073,"TIAL1"
30,"32327_at",5454,"POU3F2"
31,"32820_at",4850,"CNOT4"
32,"36702_at",9095,"TBX19"
33,"41694_at",661,"POLR3D"
34,"31822_at",1523,"CUX1"
35,"32766_at",2547,"XRCC6"
36,"37995_s_at",2332,"FMR1"
37,"40569_at",7593,"MZF1"
38,"33091_at",3239,"HOXD13"
39,"37364_at",11331,"PHB2"
40,"34601_at",7587,"ZNF37A"
41,"33110_at",6657,"SOX2"
42,"40596_at",6949,"TCOF1"
43,"38532_at",9880,"ZBTB39"
44,"39420_at",1649,"DDIT3"
45,"36722_s_at",3172,"HNF4A"
46,"41371_at",2968,"GTF2H4"
47,"34741_at",7029,"TFDP2"
48,"462_at",4781,"NFIB"
49,"205_g_at",3201,"HOXA4"
50,"33046_f_at",2016,"EMX1"
51,"279_at",3164,"NR4A1"
52,"2040_s_at",25,"ABL1"
53,"32941_at",3394,"IRF8"
54,"1362_s_at",6257,"RXRB"
55,"40543_at",429,"ASCL1"
56,"37681_i_at",9782,"MATR3"
57,"40491_at",51742,"ARID4B"
58,"40523_at",3170,"FOXA2"
59,"31906_at",3281,"HSBP1"
60,"914_g_at",2078,"ERG"
61,"1341_at",6688,"SPI1"
62,"214_at",4487,"MSX1"
63,"37252_at",6618,"SNAPC2"
64,"35475_at",7730,"ZNF177"
65,"35992_at",9242,"MSC"
66,"1133_at",2020,"EN2"
67,"39032_at",8848,"TSC22D1"
68,"544_at",4791,"NFKB2"
69,"33896_at",2033,"EP300"
70,"32285_g_at",6899,"TBX1"
71,"32172_at",23013,"SPEN"
72,"36711_at",23764,"MAFF"
73,"106_at",864,"RUNX3"
74,"603_at",7181,"NR2C1"
75,"35222_at",7626,"ZNF75D"
76,"36058_at",84164,"ASCC2"
77,"39346_at",10657,"KHDRBS1"
78,"40661_at",8013,"NR4A3"
79,"1271_g_at",5970,"RELA"
80,"33108_i_at",6657,"SOX2"
81,"41113_at",26048,"ZNF500"
82,"32191_at",7703,"PCGF2"
83,"1409_at",6722,"SRF"
84,"39261_at",3104,"ZBTB48"
85,"32864_at",6736,"SRY"
86,"40709_at",10778,"ZNF271"
87,"229_at",10153,"CEBPZ"
88,"32045_at",11083,"DIDO1"
89,"41504_s_at",4094,"MAF"
90,"33355_at",5087,"PBX1"
91,"38996_at",2077,"ERF"
92,"547_s_at",4929,"NR4A2"
93,"34979_at",23081,"KDM4C"
94,"639_s_at",6924,"TCEB3"
95,"39218_at",7571,"ZNF23"
96,"39029_at",8896,"BUD31"
97,"34352_at",5092,"PCBD1"
98,"841_at",10215,"OLIG2"
99,"35718_at",3431,"SP110"
100,"33097_at",1053,"CEBPE"
101,"36182_at",324,"APC"
102,"32333_at",256051,"ZNF549"
103,"36472_at",9111,"NMI"
104,"440_at",4782,"NFIC"
105,"39072_at",4601,"MXI1"
106,"39292_r_at",8805,"TRIM24"
107,"41600_at",5036,"PA2G4"
108,"34165_at",26257,"NKX2-8"
109,"40544_g_at",429,"ASCL1"
110,"34313_at",10499,"NCOA2"
111,"1442_at",2100,"ESR2"
112,"32696_at",5090,"PBX3"
113,"711_at",6928,"HNF1B"
114,"287_at",467,"ATF3"
115,"40274_at",1628,"DBP"
116,"559_s_at",3195,"TLX1"
117,"193_at",6880,"TAF9"
118,"32025_at",6934,"TCF7L2"
119,"148_at",22936,"ELL2"
120,"33020_at",4010,"LMX1B"
121,"35114_at",8856,"NR1I2"
122,"41649_at",55810,"FOXJ2"
123,"36943_r_at",5325,"PLAGL1"
124,"39839_at",8531,"YBX3"
125,"1950_s_at",4088,"SMAD3"
126,"39472_s_at",51317,"PHF21A"
127,"36369_at",284119,"PTRF"
128,"36186_at",10921,"RNPS1"
129,"32994_at",51666,"ASB4"
130,"34047_at",5017,"OVOL1"
131,"32267_at",25850,"ZNF345"
132,"32075_at",7541,"ZBTB14"
133,"40981_at",57680,"CHD8"
134,"38641_at",81628,"TSC22D4"
135,"34980_at",23081,"KDM4C"
136,"37501_at",55922,"NKRF"
137,"1337_s_at",5914,"RARA"
138,"36932_at",2976,"GTF3C2"
139,"36999_at",5927,"KDM5A"
140,"37790_at",27287,"VENTX"
141,"33605_at",4821,"NKX2-2"
142,"34251_at",3215,"HOXB5"
143,"566_at",5371,"PML"
144,"37354_at",6672,"SP100"
145,"39153_r_at",8161,"COIL"
146,"36021_at",51176,"LEF1"
147,"35841_at",5441,"POLR2L"
148,"33658_at",7678,"ZNF124"
149,"33045_r_at",2016,"EMX1"
150,"39610_at",3212,"HOXB2"
151,"1044_s_at",1875,"E2F5"
152,"33436_at",6662,"SOX9"
153,"32087_at",3298,"HSF2"
154,"38228_g_at",4286,"MITF"
155,"32474_at",5081,"PAX7"
156,"873_at",3202,"HOXA5"
157,"31947_r_at",2290,"FOXG1"
158,"40849_s_at",10488,"CREB3"
159,"35505_at",8289,"ARID1A"
160,"595_at",7128,"TNFAIP3"
161,"33360_at",22992,"KDM2A"
162,"41065_at",4793,"NFKBIB"
163,"41199_s_at",6421,"SFPQ"
164,"34551_at",5458,"POU4F2"
165,"1781_at",2002,"ELK1"
166,"39554_at",3622,"ING2"
167,"1101_at",322,"APBB1"
168,"38296_at",9477,"MED20"
169,"39180_at",2521,"FUS"
170,"38739_at",2114,"ETS2"
171,"35260_at",22877,"MLXIP"
172,"34933_at",5083,"PAX9"
173,"40328_at",7291,"TWIST1"
174,"1248_at",5437,"POLR2H"
175,"32874_at",6929,"TCF3"
176,"1684_s_at",7490,"WT1"
177,"958_s_at",5438,"POLR2I"
178,"1881_at",2122,"MECOM"
179,"31378_at",5309,"PITX3"
180,"33329_at",4782,"NFIC"
181,"36393_at",8193,"DPF1"
182,"35629_at",57591,"MKL1"
183,"33654_at",129025,"ZNF280A"
184,"32674_at",27332,"ZNF638"
185,"783_at",11059,"WWP1"
186,"38317_at",9338,"TCEAL1"
187,"414_at",3236,"HOXD10"
188,"38476_at",29890,"RBM15B"
189,"41460_at",10432,"RBM14"
190,"510_g_at",4089,"SMAD4"
191,"1318_at",5928,"RBBP4"
192,"1866_g_at",6498,"SKIL"
193,"33474_at",2735,"GLI1"
194,"41699_f_at",23774,"BRD1"
195,"1774_at",4084,"MXD1"
196,"35640_at",862,"RUNX1T1"
197,"32554_s_at",6907,"TBL1X"
198,"33714_at",3149,"HMGB3"
199,"35808_at",6431,"SRSF6"
200,"37618_at",3217,"HOXB7"
201,"32986_s_at",4093,"SMAD9"
202,"33617_s_at",7597,"ZBTB25"
203,"1875_f_at",5387,"PMS2P3"
204,"1476_s_at",4602,"MYB"
205,"33621_at",6928,"HNF1B"
206,"38211_at",26137,"ZBTB20"
207,"40445_at",1999,"ELF3"
208,"319_g_at",8971,"H1FX"
209,"36648_at",9443,"MED7"
210,"39147_g_at",546,"ATRX"
211,"31507_at",8085,"KMT2D"
212,"41867_at",90993,"CREB3L1"
213,"37305_at",2146,"EZH2"
214,"35388_at",3975,"LHX1"
215,"34216_at",8609,"KLF7"
216,"33828_at",6605,"SMARCE1"
217,"1454_at",4088,"SMAD3"
218,"33352_at",8349,"HIST2H2BE"
219,"31797_at",9519,"TBPL1"
220,"33044_f_at",2016,"EMX1"
221,"582_g_at",7181,"NR2C1"
222,"33373_at",NA,NA
223,"39421_at",861,"RUNX1"
224,"669_s_at",3659,"IRF1"
225,"35251_at",3096,"HIVEP1"
226,"40118_at",7551,"ZNF3"
227,"38506_at",6928,"HNF1B"
228,"1535_at",1112,"FOXN3"
229,"1039_s_at",3091,"HIF1A"
230,"1057_at",1382,"CRABP2"
231,"37431_at",9063,"PIAS2"
232,"36618_g_at",3397,"ID1"
233,"39358_at",9612,"NCOR2"
234,"147_at",7251,"TSG101"
235,"40449_at",5981,"RFC1"
236,"1980_s_at",4831,"NME2"
237,"39766_r_at",5440,"POLR2K"
238,"32995_at",51666,"ASB4"
239,"35440_g_at",7536,"SF1"
240,"40957_at",23512,"SUZ12"
241,"35705_at",9975,"NR1D2"
242,"192_at",6879,"TAF7"
243,"38535_at",1748,"DLX4"
244,"35026_f_at",10793,"ZNF273"
245,"33354_at",64750,"SMURF2"
246,"459_s_at",274,"BIN1"
247,"41216_r_at",3398,"ID2"
248,"39416_at",30851,"TAX1BP3"
249,"34626_at",3090,"HIC1"
250,"37104_at",5468,"PPARG"
251,"32063_at",5087,"PBX1"
252,"31980_at",8456,"FOXN1"
253,"463_g_at",4781,"NFIB"
254,"37194_at",2624,"GATA2"
255,"1581_s_at",7155,"TOP2B"
256,"38426_at",6882,"TAF11"
257,"32303_at",2117,"ETV3"
258,"2094_s_at",2353,"FOS"
259,"40733_f_at",4488,"MSX2"
260,"1882_g_at",2122,"MECOM"
261,"37583_at",8284,"KDM5D"
262,"1728_at",648,"BMI1"
263,"33876_at",25937,"WWTR1"
264,"35022_at",6660,"SOX5"
265,"33566_at",169841,"ZNF169"
266,"41854_at",4602,"MYB"
267,"38290_at",10636,"RGS14"
268,"35838_at",57862,"ZNF410"
269,"34652_at",4861,"NPAS1"
270,"38456_s_at",6628,"SNRPB"
271,"38794_at",7343,"UBTF"
272,"39609_at",6493,"SIM2"
273,"41808_at",9988,"DMTF1"
274,"36006_at",6666,"SOX12"
275,"1049_g_at",6258,"RXRG"
276,"38603_at",7695,"ZNF136"
277,"34357_g_at",9412,"MED21"
278,"31912_at",8928,"FOXH1"
279,"1936_s_at",4609,"MYC"
280,"2026_at",861,"RUNX1"
281,"32996_g_at",51666,"ASB4"
282,"40231_at",4091,"SMAD6"
283,"782_at",10623,"POLR3C"
284,"982_at",4174,"MCM5"
285,"33196_at",4798,"NFRKB"
286,"39539_at",51341,"ZBTB7A"
287,"1503_at",675,"BRCA2"
288,"1905_s_at",5925,"RB1"
289,"35205_at",25920,"NELFB"
290,"34062_at",2116,"ETV2"
291,"41347_at",10265,"IRX5"
292,"38706_at",1874,"E2F4"
293,"503_at",5441,"POLR2L"
294,"452_at",6599,"SMARCC1"
295,"41625_at",9969,"MED13"
296,"745_at",6919,"TCEA2"
297,"32154_at",7020,"TFAP2A"
298,"33597_at",7691,"ZNF132"
299,"34323_at",9318,"COPS2"
300,"36188_at",2971,"GTF3A"
301,"39897_at",91746,"YTHDC1"
302,"34740_at",2309,"FOXO3"
303,"35221_at",5813,"PURA"
304,"31513_at",10660,"LBX1"
305,"32596_at",5934,"RBL2"
306,"1377_at",4790,"NFKB1"
307,"34966_at",6862,"T"
308,"41229_at",4781,"NFIB"
309,"32573_at",8683,"SRSF9"
310,"35877_at",11166,"SOX21"
311,"932_i_at",7644,"ZNF91"
312,"38944_at",4088,"SMAD3"
313,"31685_at",54738,"FEV"
314,"36111_s_at",6427,"SRSF2"
315,"40662_g_at",8013,"NR4A3"
316,"31983_at",2018,"EMX2"
317,"37264_at",7690,"ZNF131"
318,"40896_at",5451,"POU2F1"
319,"33746_at",11319,"ECD"
320,"37295_at",2961,"GTF2E2"
321,"535_s_at",4791,"NFKB2"
322,"32784_at",8899,"PRPF4B"
323,"40067_at",1997,"ELF1"
324,"31523_f_at",8339,"HIST1H2BG"
325,"39454_f_at",3196,"TLX2"
326,"1754_at",1616,"DAXX"
327,"33539_at",50804,"MYEF2"
328,"36896_s_at",406,"ARNTL"
329,"34195_at",57798,"GATAD1"
330,"39970_at",190,"NR0B1"
331,"39926_at",4090,"SMAD5"
332,"32461_f_at",347344,"ZNF81"
333,"585_at",7520,"XRCC5"
334,"39990_at",3670,"ISL1"
335,"34562_at",10773,"ZBTB6"
336,"32989_at",5989,"RFX1"
337,"37432_g_at",9063,"PIAS2"
338,"33861_at",4848,"CNOT2"
339,"39535_at",3166,"HMX1"
340,"39681_at",7704,"ZBTB16"
341,"1990_g_at",675,"BRCA2"
342,"38527_at",4841,"NONO"
343,"32649_at",6932,"TCF7"
344,"792_s_at",7020,"TFAP2A"
345,"400_at",3651,"PDX1"
346,"36403_s_at",94039,"ZNF101"
347,"40674_s_at",3223,"HOXC6"
348,"37974_at",10943,"MSL3"
349,"1928_s_at",4087,"SMAD2"
350,"36319_at",2295,"FOXF2"
351,"33249_at",4306,"NR3C2"
352,"1156_at",6667,"SP1"
353,"313_at",2957,"GTF2A1"
354,"40606_at",22936,"ELL2"
355,"39415_at",3190,"HNRNPK"
356,"33808_at",7005,"TEAD3"
357,"40397_at",4223,"MEOX2"
358,"34585_at",1746,"DLX2"
359,"1743_s_at",6498,"SKIL"
360,"32396_f_at",2068,"ERCC2"
361,"40268_at",2355,"FOSL2"
362,"160036_at",2103,"ESRRB"
363,"31741_at",5078,"PAX4"
364,"34231_at",11143,"KAT7"
365,"35700_at",1106,"CHD2"
366,"36465_at",3663,"IRF5"
367,"40446_at",5252,"PHF1"
368,"31740_s_at",5078,"PAX4"
369,"31823_at",1523,"CUX1"
370,"34217_at",8609,"KLF7"
371,"35749_at",10474,"TADA3"
372,"1912_s_at",324,"APC"
373,"31702_at",3344,"FOXN2"
374,"38828_s_at",8570,"KHSRP"
375,"37433_at",9063,"PIAS2"
376,"39578_at",55806,"HR"
377,"41050_at",6877,"TAF5"
378,"35319_at",10664,"CTCF"
379,"40327_at",10481,"HOXB13"
380,"36098_at",6426,"SRSF1"
381,"32621_at",1810,"DR1"
382,"40411_at",23054,"NCOA6"
383,"39561_at",23466,"CBX6"
384,"32588_s_at",678,"ZFP36L2"
385,"32809_at",7572,"ZNF24"
386,"39184_at",6923,"TCEB2"
387,"39943_at",4999,"ORC2"
388,"35488_at",6617,"SNAPC1"
389,"31729_at",6884,"TAF13"
390,"39257_at",11278,"KLF12"
391,"507_s_at",1998,"ELF2"
392,"37753_at",6602,"SMARCD1"
393,"1474_s_at",4602,"MYB"
394,"35960_at",3551,"IKBKB"
395,"37710_at",4208,"MEF2C"
396,"41312_r_at",2063,"NR2F6"
397,"324_f_at",689,"BTF3"
398,"41515_at",5931,"RBBP7"
399,"1714_at",6239,"RREB1"
400,"39555_at",3622,"ING2"
401,"445_at",4824,"NKX3-1"
402,"2084_s_at",2118,"ETV4"
403,"39756_g_at",7494,"XBP1"
404,"41425_at",2313,"FLI1"
405,"32050_r_at",6924,"TCEB3"
406,"35690_s_at",4784,"NFIX"
407,"35312_at",4171,"MCM2"
408,"36937_s_at",9124,"PDLIM1"
409,"41571_at",5966,"REL"
410,"40355_at",11169,"WDHD1"
411,"871_s_at",3131,"HLF"
412,"38016_at",3184,"HNRNPD"
413,"643_at",8431,"NR0B2"
414,"34586_s_at",1746,"DLX2"
415,"41037_at",7004,"TEAD4"
416,"39698_at",84525,"HOPX"
417,"160043_at",4603,"MYBL1"
418,"34178_at",9278,"ZBTB22"
419,"32364_at",4990,"SIX6"
420,"41112_at",26048,"ZNF500"
421,"32400_at",4298,"MLLT1"
422,"41822_at",25799,"ZNF324"
423,"2046_at",2078,"ERG"
424,"38569_at",4899,"NRF1"
425,"41103_at",7862,"BRPF1"
426,"33859_at",10284,"SAP18"
427,"32271_at",8061,"FOSL1"
428,"36456_at",26009,"ZZZ3"
429,"35200_at",8091,"HMGA2"
430,"41388_at",4212,"MEIS2"
431,"34320_at",284119,"PTRF"
432,"203_at",2624,"GATA2"
433,"40061_at",5326,"PLAGL2"
434,"40516_at",196,"AHR"
435,"190_at",8013,"NR4A3"
436,"31845_at",2000,"ELF4"
437,"41275_at",1875,"E2F5"
438,"39676_at",4618,"MYF6"
439,"465_at",10524,"KAT5"
440,"41511_at",4261,"CIITA"
441,"34750_r_at",22890,"ZBTB1"
442,"39705_at",23309,"SIN3B"
443,"41612_at",9422,"ZNF264"
444,"316_g_at",7799,"PRDM2"
445,"169_at",1044,"CDX1"
446,"570_at",5971,"RELB"
447,"41175_at",865,"CBFB"
448,"41572_r_at",5966,"REL"
449,"37353_g_at",6672,"SP100"
450,"33159_at",4901,"NRL"
451,"2093_s_at",7520,"XRCC5"
452,"39664_at",1161,"ERCC8"
453,"35368_at",7756,"ZNF207"
454,"131_at",6882,"TAF11"
455,"35681_r_at",9839,"ZEB2"
456,"670_s_at",9586,"CREB5"
457,"1854_at",4605,"MYBL2"
458,"33952_at",80317,"ZKSCAN3"
459,"696_at",3234,"HOXD8"
460,"39954_r_at",9831,"ZNF623"
461,"32443_at",7712,"ZNF157"
462,"506_s_at",6776,"STAT5A"
463,"35463_at",8820,"HESX1"
464,"41235_at",468,"ATF4"
465,"38537_at",22954,"TRIM32"
466,"36018_at",6663,"SOX10"
467,"31731_at",8535,"CBX4"
468,"36348_r_at",8341,"HIST1H2BN"
469,"34456_s_at",2736,"GLI2"
470,"38750_at",4854,"NOTCH3"
471,"41574_at",5411,"PNN"
472,"40363_r_at",4791,"NFKB2"
473,"40109_at",6722,"SRF"
474,"37837_at",22850,"ADNP2"
475,"35413_s_at",7570,"ZNF22"
476,"1801_at",580,"BARD1"
477,"36617_at",3397,"ID1"
478,"35846_at",7067,"THRA"
479,"32550_r_at",1050,"CEBPA"
480,"32086_at",7738,"ZNF184"
481,"39144_at",4772,"NFATC1"
482,"38230_at",2034,"EPAS1"
483,"40393_at",3201,"HOXA4"
484,"33793_at",6942,"TCF20"
485,"1681_at",2099,"ESR1"
486,"34243_i_at",26013,"L3MBTL1"
487,"37870_at",8458,"TTF2"
488,"1939_at",7157,"TP53"
489,"1577_at",367,"AR"
490,"34731_at",22984,"PDCD11"
491,"35337_at",25793,"FBXO7"
492,"981_at",4173,"MCM4"
493,"1472_g_at",4602,"MYB"
494,"39908_at",10629,"TAF6L"
495,"818_s_at",546,"ATRX"
496,"37715_at",22938,"SNW1"
497,"34148_at",6496,"SIX3"
498,"37055_at",2115,"ETV1"
499,"1259_at",7571,"ZNF23"
500,"32951_g_at",11281,"POU6F2"
501,"332_at",7597,"ZBTB25"
502,"34455_at",7568,"ZNF20"
503,"2000_at",472,"ATM"
504,"39971_at",4066,"LYL1"
505,"35943_s_at",2553,"GABPB1"
506,"31867_at",56987,"BBX"
507,"31534_at",7544,"ZFY"
508,"36352_at",54626,"HES2"
509,"39942_at",10538,"BATF"
510,"35380_at",7003,"TEAD1"
511,"41505_r_at",4094,"MAF"
512,"31553_at",10794,"ZNF460"
513,"41828_at",4152,"MBD1"
514,"41489_at",7088,"TLE1"
515,"37333_at",1786,"DNMT1"
516,"41000_at",1112,"FOXN3"
517,"33030_at",3007,"HIST1H1D"
518,"35050_at",51230,"PHF20"
519,"41761_at",7073,"TIAL1"
520,"35656_at",6049,"RNF6"
521,"33831_at",1387,"CREBBP"
522,"40260_g_at",23543,"RBFOX2"
523,"36944_f_at",5325,"PLAGL1"
524,"599_at",3142,"HLX"
525,"32860_g_at",6772,"STAT1"
526,"35975_at",4300,"MLLT3"
527,"39809_at",26959,"HBP1"
528,"40461_at",23051,"ZHX3"
529,"36787_at",2623,"GATA1"
530,"274_at",7707,"ZNF148"
531,"1456_s_at",3428,"IFI16"
532,"1298_at",2099,"ESR1"
533,"31875_at",51665,"ASB1"
534,"33165_at",114034,"TOE1"
535,"36522_at",23373,"CRTC1"
536,"34717_s_at",10772,"SRSF10"
537,"40871_at",7428,"VHL"
538,"35990_at",9923,"ZBTB40"
539,"834_at",10320,"IKZF1"
540,"32908_at",29855,"UBN1"
541,"1471_at",4602,"MYB"
542,"306_s_at",3150,"HMGN1"
543,"38354_at",1051,"CEBPB"
544,"41789_r_at",9819,"TSC22D2"
545,"1490_at",4610,"MYCL"
546,"40659_at",8013,"NR4A3"
547,"41845_at",1406,"CRX"
548,"40405_at",4665,"NAB2"
549,"36928_at",7705,"ZNF146"
550,"992_at",2068,"ERCC2"
551,"40381_at",22869,"ZNF510"
552,"35247_at",10302,"SNAPC5"
553,"36573_at",8554,"PIAS1"
554,"40971_at",23294,"ANKS1A"
555,"35913_at",1820,"ARID3A"
556,"31932_f_at",689,"BTF3"
557,"604_at",672,"BRCA1"
558,"2042_s_at",4602,"MYB"
559,"39860_at",8880,"FUBP1"
560,"38342_at",23338,"PHF15"
561,"40374_at",27063,"ANKRD1"
562,"39837_s_at",168544,"ZNF467"
563,"38063_at",57326,"PBXIP1"
564,"31669_s_at",3207,"HOXA11"
565,"1594_at",5432,"POLR2C"
566,"1857_at",4092,"SMAD7"
567,"244_at",3297,"HSF1"
568,"34631_at",2070,"EYA4"
569,"39132_at",8467,"SMARCA5"
570,"32980_f_at",8339,"HIST1H2BG"
571,"37497_at",3087,"HHEX"
572,"35055_at",689,"BTF3"
573,"40790_at",8553,"BHLHE40"
574,"978_at",604,"BCL6"
575,"1670_at",7027,"TFDP1"
576,"780_at",861,"RUNX1"
577,"39341_at",7205,"TRIP6"
578,"2049_s_at",3726,"JUNB"
579,"40457_at",6428,"SRSF3"
580,"35286_r_at",11017,"SNRNP27"
581,"37561_at",4800,"NFYA"
582,"35082_at",7547,"ZIC3"
583,"32013_at",85446,"ZFHX2"
584,"40621_at",5074,"PAWR"
585,"38227_at",4286,"MITF"
586,"36669_at",2354,"FOSB"
587,"40284_at",3170,"FOXA2"
588,"38692_at",4664,"NAB1"
589,"35495_at",2957,"GTF2A1"
590,"37294_at",694,"BTG1"
591,"40197_at",10217,"CTDSPL"
592,"39836_at",168544,"ZNF467"
593,"38973_at",23119,"HIC2"
594,"31918_at",5629,"PROX1"
595,"39792_at",10236,"HNRNPR"
596,"36953_at",4089,"SMAD4"
597,"37275_at",2553,"GABPB1"
598,"37851_at",28996,"HIPK2"
599,"502_s_at",3198,"HOXA1"
600,"38314_at",23152,"CIC"
601,"1612_s_at",3727,"JUND"
602,"37712_g_at",4208,"MEF2C"
603,"1843_at",5987,"TRIM27"
604,"512_at",10062,"NR1H3"
605,"37625_at",3662,"IRF4"
606,"34225_at",7469,"NELFA"
607,"1407_g_at",7181,"NR2C1"
608,"33864_at",10771,"ZMYND11"
609,"41027_at",2296,"FOXC1"
610,"38148_at",1407,"CRY1"
611,"34956_at",8607,"RUVBL1"
612,"35265_at",9513,"FXR2"
613,"32244_at",9878,"TOX4"
614,"817_at",10138,"YAF2"
615,"1220_g_at",3660,"IRF2"
616,"33726_at",5433,"POLR2D"
617,"34667_at",4799,"NFX1"
618,"41315_at",6294,"SAFB"
619,"41783_at",1382,"CRABP2"
620,"34628_at",6875,"TAF4B"
621,"41251_at",9326,"ZNHIT3"
622,"41355_at",53335,"BCL11A"
623,"40838_at",23036,"ZNF292"
624,"34327_at",6596,"HLTF"
625,"1784_s_at",5926,"ARID4A"
626,"36225_s_at",NA,NA
627,"36726_at",5075,"PAX1"
628,"868_at",6881,"TAF10"
629,"37491_at",6872,"TAF1"
630,"1641_s_at",1642,"DDB1"
631,"35616_at",4261,"CIITA"
632,"31555_at",3211,"HOXB1"
633,"40219_at",NA,NA
634,"32410_at",4656,"MYOG"
635,"36721_s_at",3172,"HNF4A"
636,"40007_at",10320,"IKZF1"
637,"37622_r_at",11168,"PSIP1"
638,"1570_f_at",5925,"RB1"
639,"1842_at",1649,"DDIT3"
640,"41309_g_at",1487,"CTBP1"
641,"40999_at",9968,"MED12"
642,"34220_at",51460,"SFMBT1"
643,"39870_at",27288,"RBMXL2"
644,"38945_at",4520,"MTF1"
645,"31750_at",3009,"HIST1H1B"
646,"37863_at",1959,"EGR2"
647,"33356_at",55534,"MAML3"
648,"32399_at",2122,"MECOM"
649,"37812_at",23316,"CUX2"
650,"36507_at",8427,"ZNF282"
651,"38009_at",25803,"SPDEF"
652,"32381_at",6096,"RORB"
653,"41762_at",7073,"TIAL1"
654,"41332_at",5434,"POLR2E"
655,"36571_at",7155,"TOP2B"
656,"40711_at",91746,"YTHDC1"
657,"32800_at",6256,"RXRA"
658,"38050_at",9774,"BCLAF1"
659,"1883_s_at",4299,"AFF1"
660,"853_at",4780,"NFE2L2"
661,"35631_at",5437,"POLR2H"
662,"39143_at",4772,"NFATC1"
663,"35883_at",6689,"SPIB"
664,"37586_at",7701,"ZNF142"
665,"33982_f_at",7594,"ZNF43"
666,"34989_at",7696,"ZNF137P"
667,"35110_at",54737,"MPHOSPH8"
668,"39701_at",5178,"PEG3"
669,"36516_at",25888,"ZNF473"
670,"249_at",4776,"NFATC4"
671,"338_at",22926,"ATF6"
672,"40961_at",6595,"SMARCA2"
673,"35824_at",10472,"ZBTB18"
674,"1373_at",6929,"TCF3"
675,"40816_at",11137,"PWP1"
676,"37860_at",26152,"ZNF337"
677,"35865_at",2494,"NR5A2"
678,"413_at",3235,"HOXD9"
679,"31734_at",3227,"HOXC11"
680,"32601_s_at",5432,"POLR2C"
681,"34242_at",26013,"L3MBTL1"
682,"37280_at",4086,"SMAD1"
683,"40088_at",8204,"NRIP1"
684,"34720_at",4781,"NFIB"
685,"36487_at",6474,"SHOX2"
686,"35225_at",7629,"ZNF76"
687,"36586_at",9049,"AIP"
688,"31390_at",7710,"ZNF154"
689,"38992_at",7913,"DEK"
690,"38166_r_at",8085,"KMT2D"
691,"36690_at",2908,"NR3C1"
692,"39608_at",6493,"SIM2"
693,"2041_i_at",25,"ABL1"
694,"32694_at",5915,"RARB"
695,"224_at",7071,"KLF10"
696,"40312_at",1602,"DACH1"
697,"37419_g_at",5452,"POU2F2"
698,"35158_at",4613,"MYCN"
699,"33014_at",7975,"MAFK"
700,"142_at",6874,"TAF4"
701,"295_s_at",3975,"LHX1"
702,"34715_at",2305,"FOXM1"
703,"35724_at",8544,"PIR"
704,"40691_at",10782,"ZNF274"
705,"35104_r_at",4004,"LMO1"
706,"34299_at",23598,"PATZ1"
707,"37730_at",27044,"SND1"
708,"1785_at",5927,"KDM5A"
709,"41426_at",7988,"ZNF212"
710,"1345_s_at",5077,"PAX3"
711,"1898_at",23650,"TRIM29"
712,"40624_at",10215,"OLIG2"
713,"36826_at",2962,"GTF2F1"
714,"35572_f_at",56242,"ZNF253"
715,"525_g_at",5378,"PMS1"
716,"40126_at",5396,"PRRX1"
717,"1287_at",142,"PARP1"
718,"40050_at",9139,"CBFA2T2"
719,"41407_at",7936,"NELFE"
720,"1862_at",472,"ATM"
721,"1849_s_at",5926,"ARID4A"
722,"38337_at",7746,"ZSCAN9"
723,"35641_g_at",862,"RUNX1T1"
724,"32578_at",6945,"MLX"
725,"37694_at",23469,"PHF3"
726,"1789_at",10987,"COPS5"
727,"32655_s_at",10902,"BRD8"
728,"2044_s_at",5925,"RB1"
729,"41621_i_at",10781,"ZNF266"
730,"32859_at",6772,"STAT1"
731,"38377_at",7994,"KAT6A"
732,"721_g_at",3299,"HSF4"
733,"41483_s_at",3727,"JUND"
734,"1200_at",2736,"GLI2"
735,"706_at",2908,"NR3C1"
736,"40108_at",9689,"BZW1"
737,"35821_at",8841,"HDAC3"
738,"40675_r_at",3223,"HOXC6"
739,"38662_at",5610,"EIF2AK2"
740,"1907_at",5933,"RBL1"
741,"37926_at",688,"KLF5"
742,"40945_at",8462,"KLF11"
743,"1635_at",25,"ABL1"
744,"32628_at",7716,"VEZF1"
745,"36770_at",6773,"STAT2"
746,"32610_at",8572,"PDLIM4"
747,"40777_at",1499,"CTNNB1"
748,"32073_at",9682,"KDM4A"
749,"33532_at",8092,"ALX1"
750,"41276_at",10284,"SAP18"
751,"35073_at",6473,"SHOX"
752,"37018_at",3006,"HIST1H1C"
753,"41436_at",7750,"ZMYM2"
754,"36239_at",5450,"POU2AF1"
755,"32936_at",7592,"ZNF41"
756,"32565_at",6604,"SMARCD3"
757,"1981_s_at",4149,"MAX"
758,"2035_s_at",2023,"ENO1"
759,"40597_g_at",6949,"TCOF1"
760,"40176_at",5987,"TRIM27"
761,"39746_at",5431,"POLR2B"
762,"32088_at",8548,"BLZF1"
763,"713_at",4149,"MAX"
764,"36412_s_at",3665,"IRF7"
765,"1974_s_at",7157,"TP53"
766,"37469_at",9735,"KNTC1"
767,"1008_f_at",5610,"EIF2AK2"
768,"36446_s_at",3068,"HDGF"
769,"41401_at",1466,"CSRP2"
770,"40084_at",7024,"TFCP2"
771,"34502_g_at",860,"RUNX2"
772,"32928_at",25833,"POU2F3"
773,"32575_at",4676,"NAP1L4"
774,"36308_at",7545,"ZIC1"
775,"448_s_at",4221,"MEN1"
776,"38011_at",8725,"URI1"
777,"35487_at",676,"BRDT"
778,"40416_at",6598,"SMARCB1"
779,"37026_at",1316,"KLF6"
780,"137_at",10661,"KLF1"
781,"39137_at",4798,"NFRKB"
782,"141_s_at",2972,"BRF1"
783,"41030_at",2302,"FOXJ1"
784,"37369_s_at",4776,"NFATC4"
785,"34690_at",6601,"SMARCC2"
786,"825_at",8899,"PRPF4B"
787,"41360_at",9337,"CNOT8"
788,"1908_at",2117,"ETV3"
789,"40529_at",9355,"LHX2"
790,"40844_at",9646,"CTR9"
791,"891_at",7528,"YY1"
792,"1244_at",6773,"STAT2"
793,"37636_at",9767,"PHF16"
794,"33306_at",7572,"ZNF24"
795,"1500_at",7490,"WT1"
796,"32653_at",10902,"BRD8"
797,"41611_at",9325,"TRIP4"
798,"38405_at",8087,"FXR1"
799,"36460_at",9533,"POLR1C"
800,"32480_at",3221,"HOXC4"
801,"34569_at",6664,"SOX11"
802,"38216_at",221037,"JMJD1C"
803,"1643_g_at",9112,"MTA1"
804,"31364_i_at",10725,"NFAT5"
805,"40418_at",5928,"RBBP4"
806,"34694_at",6603,"SMARCD2"
807,"33655_f_at",6757,"SSX2"
808,"31808_at",54556,"ING3"
809,"38249_at",51442,"VGLL1"
810,"36634_at",7832,"BTG2"
811,"33543_s_at",5411,"PNN"
812,"35672_at",25909,"AHCTF1"
813,"32587_at",678,"ZFP36L2"
814,"371_at",3661,"IRF3"
815,"37500_at",7728,"ZNF175"
816,"38302_at",7753,"ZNF202"
817,"33752_at",10625,"IVNS1ABP"
818,"38771_at",3065,"HDAC1"
819,"37349_r_at",9324,"HMGN3"
820,"39359_s_at",9612,"NCOR2"
821,"41626_at",8914,"TIMELESS"
822,"35685_at",6015,"RING1"
823,"289_at",6774,"STAT3"
824,"34620_at",5079,"PAX5"
825,"31707_at",7556,"ZNF10"
826,"508_at",6827,"SUPT4H1"
827,"37352_at",6672,"SP100"
828,"37144_at",51588,"PIAS4"
829,"35203_at",23522,"KAT6B"
830,"34950_at",23090,"ZNF423"
831,"40148_at",323,"APBB2"
832,"39895_r_at",23774,"BRD1"
833,"35559_at",6097,"RORC"
834,"479_at",1601,"DAB2"
835,"35866_at",10795,"ZNF268"
836,"38134_at",5324,"PLAG1"
837,"979_g_at",604,"BCL6"
838,"40262_at",10929,"SRSF8"
839,"41367_at",3174,"HNF4G"
840,"38455_at",6628,"SNRPB"
841,"41466_s_at",7707,"ZNF148"
842,"38146_at",9705,"ST18"
843,"41399_at",23133,"PHF8"
844,"1656_s_at",25,"ABL1"
845,"1639_s_at",1875,"E2F5"
846,"1748_s_at",10661,"KLF1"
847,"32265_at",3164,"NR4A1"
848,"39704_s_at",3159,"HMGA1"
849,"1288_s_at",1915,"EEF1A1"
850,"40561_at",3196,"TLX2"
851,"1636_g_at",25,"ABL1"
852,"36295_at",7693,"ZNF134"
853,"41393_at",7748,"ZNF195"
854,"39551_at",51317,"PHF21A"
855,"31354_r_at",2304,"FOXE1"
856,"36200_at",10919,"EHMT2"
857,"37370_i_at",4776,"NFATC4"
858,"31820_at",3059,"HCLS1"
859,"37763_at",6257,"RXRB"
860,"34368_at",3066,"HDAC2"
861,"31640_r_at",6656,"SOX1"
862,"472_at",6777,"STAT5B"
863,"39871_at",27288,"RBMXL2"
864,"41361_at",9337,"CNOT8"
865,"35562_at",8970,"HIST1H2BJ"
866,"33606_g_at",4821,"NKX2-2"
867,"34671_at",10623,"POLR3C"
868,"37544_at",4783,"NFIL3"
869,"37567_at",6297,"SALL2"
870,"38084_at",11335,"CBX3"
871,"34013_f_at",5449,"POU1F1"
872,"35008_at",8864,"PER2"
873,"32184_at",4005,"LMO2"
874,"32194_at",10153,"CEBPZ"
875,"2013_at",7029,"TFDP2"
876,"1242_at",2077,"ERF"
877,"40358_at",2737,"GLI3"
878,"37564_at",25988,"HINFP"
879,"33275_at",2002,"ELK1"
880,"35434_at",4209,"MEF2D"
881,"35967_at",405,"ARNT"
882,"789_at",1958,"EGR1"
883,"37483_at",9734,"HDAC9"
884,"33339_g_at",6772,"STAT1"
885,"32712_at",23040,"MYT1L"
886,"32493_at",7008,"TEF"
887,"36326_at",4808,"NHLH2"
888,"37368_at",4776,"NFATC4"
889,"32970_f_at",22927,"HABP4"
890,"1764_s_at",4150,"MAZ"
891,"36005_at",11129,"CLASRP"
892,"38439_at",4779,"NFE2L1"
893,"34325_at",10084,"PQBP1"
894,"31353_f_at",2304,"FOXE1"
895,"38938_at",10716,"TBR1"
896,"40700_at",11262,"SP140"
897,"AFFX-HUMISGF3A/M97935_MA_at",6772,"STAT1"
898,"39977_at",27107,"ZBTB11"
899,"41077_at",643641,"ZNF862"
900,"34497_at",9014,"TAF1B"
901,"551_at",2033,"EP300"
902,"39747_at",5436,"POLR2G"
903,"35432_at",10001,"MED6"
904,"39112_at",7392,"USF2"
905,"34065_at",9480,"ONECUT2"
906,"37094_at",7517,"XRCC3"
907,"864_at",3110,"MNX1"
908,"32048_at",100506963,"LOC100506963"
909,"33407_at",22982,"DIP2C"
910,"478_g_at",3663,"IRF5"
911,"34920_at",326,"AIRE"
912,"35671_at",2975,"GTF3C1"
913,"40399_r_at",4223,"MEOX2"
914,"38518_at",10389,"SCML2"
915,"38185_at",5076,"PAX2"
916,"933_f_at",7644,"ZNF91"
917,"38707_r_at",1874,"E2F4"
918,"36303_f_at",7639,"ZNF85"
919,"40199_at",4487,"MSX1"
920,"31929_at",5991,"RFX3"
921,"36226_r_at",NA,NA
922,"33248_at",3207,"HOXA11"
923,"39397_at",7026,"NR2F2"
924,"37757_at",7027,"TFDP1"
925,"38640_at",51042,"ZNF593"
926,"1316_at",7067,"THRA"
927,"41231_f_at",3151,"HMGN2"
928,"36000_at",1388,"ATF6B"
929,"32654_g_at",10902,"BRD8"
930,"1381_at",5915,"RARB"
931,"37789_at",6871,"TADA2A"
932,"36476_at",10902,"BRD8"
933,"130_s_at",7080,"NKX2-1"
934,"39117_at",5253,"PHF2"
935,"32397_r_at",2068,"ERCC2"
936,"37767_at",3064,"HTT"
937,"38310_at",4849,"CNOT3"
938,"32884_at",51230,"PHF20"
939,"34300_at",23598,"PATZ1"
940,"38576_at",3017,"HIST1H2BD"
941,"33511_at",7634,"ZNF80"
942,"31437_r_at",2100,"ESR2"
943,"31943_g_at",7289,"TULP3"
944,"41338_at",166,"AES"
945,"1473_s_at",4602,"MYB"
946,"32354_at",64067,"NPAS3"
947,"31944_at",7289,"TULP3"
948,"36860_at",23211,"ZC3H4"
949,"32883_at",90338,"ZNF160"
950,"38094_at",3182,"HNRNPAB"
951,"37250_at",26292,"MYCBP"
952,"37082_at",9753,"ZSCAN12"
953,"929_at",5465,"PPARA"
954,"38918_at",9580,"SOX13"
955,"34815_at",57634,"EP400"
956,"31895_at",571,"BACH1"
957,"39152_f_at",8161,"COIL"
958,"31791_at",8626,"TP63"
959,"1993_s_at",672,"BRCA1"
960,"37882_at",2960,"GTF2E1"
961,"37043_at",3399,"ID3"
962,"34547_at",11189,"CELF3"
963,"40944_at",8462,"KLF11"
964,"38438_at",4790,"NFKB1"
965,"41441_at",6908,"TBP"
966,"39963_at",387032,"ZKSCAN4"
967,"34543_at",4084,"MXD1"
968,"38721_at",57658,"CALCOCO1"
969,"1916_s_at",2353,"FOS"
970,"1885_at",2071,"ERCC3"
971,"40412_at",9232,"PTTG1"
972,"AFFX-HUMISGF3A/M97935_3_at",6772,"STAT1"
973,"40560_at",6909,"TBX2"
974,"35940_at",5457,"POU4F1"
975,"1072_g_at",2624,"GATA2"
976,"40837_at",7089,"TLE2"
977,"34994_at",54014,"BRWD1"
978,"41537_r_at",4784,"NFIX"
979,"35146_at",7041,"TGFB1I1"
980,"35826_at",6829,"SUPT5H"
981,"38573_at",10138,"YAF2"
982,"36402_at",94039,"ZNF101"
983,"31861_at",3508,"IGHMBP2"
984,"31933_r_at",689,"BTF3"
985,"31570_at",6492,"SIM1"
986,"350_at",7716,"VEZF1"
987,"906_at",6775,"STAT4"
988,"32967_at",9214,"FAIM3"
989,"37626_at",3662,"IRF4"
990,"40259_at",23543,"RBFOX2"
991,"37393_at",3280,"HES1"
992,"41732_at",552900,"BOLA2"
993,"41091_at",2186,"BPTF"
994,"280_g_at",3164,"NR4A1"
995,"39713_at",10765,"KDM5B"
996,"35430_at",10001,"MED6"
997,"1149_at",7942,"TFEB"
998,"1668_s_at",7428,"VHL"
999,"39243_s_at",11168,"PSIP1"
1000,"1048_at",6258,"RXRG"
1001,"477_at",3663,"IRF5"
1002,"41737_at",10250,"SRRM1"
1003,"34172_s_at",8227,"AKAP17A"
1004,"37010_at",2958,"GTF2A2"
1005,"36370_at",2304,"FOXE1"
1006,"41622_r_at",10781,"ZNF266"
1007,"38519_at",9971,"NR1H4"
1008,"35777_at",6047,"RNF4"
1009,"40818_at",3516,"RBPJ"
1010,"35639_at",862,"RUNX1T1"
1011,"39688_at",5977,"DPF2"
1012,"33130_at",3231,"HOXD1"
1013,"34282_at",9603,"NFE2L3"
1014,"39438_at",1389,"CREBL2"
1015,"36392_at",7694,"ZNF135"
1016,"524_at",5378,"PMS1"
1017,"1487_at",2101,"ESRRA"
1018,"36353_at",54626,"HES2"
1019,"40822_at",4775,"NFATC3"
1020,"1703_g_at",1874,"E2F4"
1021,"38224_at",6619,"SNAPC3"
1022,"37254_at",7692,"ZNF133"
1023,"34716_at",10772,"SRSF10"
1024,"39800_s_at",10456,"HAX1"
1025,"35933_f_at",5387,"PMS2P3"
1026,"38271_at",9759,"HDAC4"
1027,"34395_at",9925,"ZBTB5"
1028,"33343_at",9604,"RNF14"
1029,"32583_at",3725,"JUN"
1030,"33542_at",140883,"ZNF280B"
1031,"34196_at",57798,"GATAD1"
1032,"38205_at",4761,"NEUROD2"
1033,"31365_f_at",10725,"NFAT5"
1034,"33773_at",8028,"MLLT10"
1035,"36347_f_at",8341,"HIST1H2BN"
1036,"38478_at",6433,"SFSWAP"
1037,"32340_s_at",4904,"YBX1"
1038,"35431_g_at",10001,"MED6"
1039,"32668_at",23635,"SSBP2"
1040,"40845_at",3609,"ILF3"
1041,"36010_at",4222,"MEOX1"
1042,"38843_at",10042,"HMGXB4"
1043,"33157_at",3642,"INSM1"
1044,"32706_at",7290,"HIRA"
1045,"31942_at",7289,"TULP3"
1046,"40642_at",4781,"NFIB"
1047,"39755_at",7494,"XBP1"
1048,"1325_at",4086,"SMAD1"
1049,"32223_at",10147,"SUGP2"
1050,"39731_at",26787,"SNORD61"
1051,"36866_at",56311,"ANKRD7"
1052,"38092_at",2034,"EPAS1"
1053,"33268_at",8242,"KDM5C"
1054,"38085_at",11335,"CBX3"
1055,"250_at",4775,"NFATC3"
1056,"36761_at",58495,"OVOL2"
1057,"36244_at",8187,"ZNF239"
1058,"35737_at",10473,"HMGN4"
1059,"943_at",861,"RUNX1"
1060,"31355_at",430,"ASCL2"
1061,"40528_at",9355,"LHX2"
1062,"41277_at",10284,"SAP18"
1063,"37348_s_at",9324,"HMGN3"
1064,"38517_at",10379,"IRF9"
1065,"34818_at",2119,"ETV5"
1066,"41702_r_at",10621,"POLR3F"
1067,"40313_at",646,"BNC1"
1068,"33754_at",7080,"NKX2-1"
1069,"38496_at",2005,"ELK4"
1070,"32064_at",5469,"MED1"
1071,"1617_at",7706,"TRIM25"
1072,"1219_at",3660,"IRF2"
1073,"764_s_at",9575,"CLOCK"
1074,"38293_s_at",3232,"HOXD3"
1075,"40713_at",10725,"NFAT5"
1076,"39782_at",10438,"C1D"
1077,"145_s_at",6910,"TBX5"
1078,"40303_at",7022,"TFAP2C"
1079,"31366_at",10002,"NR2E3"
1080,"38345_at",11064,"CNTRL"
1081,"170_at",1045,"CDX2"
1082,"40124_at",8607,"RUVBL1"
1083,"33869_at",6777,"STAT5B"
1084,"39037_at",4299,"AFF1"
1085,"35939_s_at",5457,"POU4F1"
1086,"40542_at",429,"ASCL1"
1087,"41311_f_at",2063,"NR2F6"
1088,"37873_g_at",8629,"JRK"
1089,"36072_at",7743,"ZNF189"
1090,"41543_at",3899,"AFF3"
1091,"37141_at",3169,"FOXA1"
1092,"34639_at",6927,"HNF1A"
1093,"36829_at",5187,"PER1"
1094,"37527_at",2004,"ELK3"
1095,"32155_at",7020,"TFAP2A"
1096,"1475_s_at",4602,"MYB"
1097,"1071_at",2624,"GATA2"
1098,"39404_s_at",5976,"UPF1"
1099,"34215_at",8227,"AKAP17A"
1100,"40902_at",11059,"WWP1"
1101,"31839_at",57794,"SUGP1"
1102,"36099_at",6426,"SRSF1"
1103,"33288_i_at",10127,"ZNF263"
1104,"35006_at",9015,"TAF1A"
1105,"37627_g_at",3662,"IRF4"
1106,"38902_r_at",1386,"ATF2"
1107,"32858_at",29855,"UBN1"
1108,"36004_at",8517,"IKBKG"
1109,"34394_at",23394,"ADNP"
1110,"39725_at",9584,"RBM39"
1111,"35145_at",4335,"MNT"
1112,"31755_at",2020,"EN2"
1113,"36630_at",1831,"TSC22D3"
1114,"33778_at",25771,"TBC1D22A"
1115,"38295_at",5089,"PBX2"
1116,"41632_at",1871,"E2F3"
1117,"39953_i_at",9831,"ZNF623"
1118,"33432_at",112950,"MED8"
1119,"877_at",1385,"CREB1"
1120,"36175_s_at",3097,"HIVEP2"
1121,"38234_at",7090,"TLE3"
1122,"519_g_at",7376,"NR1H2"
1123,"39174_at",8031,"NCOA4"
1124,"518_at",7376,"NR1H2"
1125,"580_at",3008,"HIST1H1E"
1126,"460_at",5316,"PKNOX1"
1127,"40476_s_at",3607,"FOXK2"
1128,"39294_at",7025,"NR2F1"
1129,"40213_at",6594,"SMARCA1"
1130,"41508_at",1961,"EGR4"
1131,"38374_at",7071,"KLF10"
1132,"160042_s_at",3216,"HOXB6"
1133,"380_at",6910,"TBX5"
1134,"36189_at",3608,"ILF2"
1135,"1428_at",7068,"THRB"
1136,"32202_at",10616,"RBCK1"
1137,"638_at",8091,"HMGA2"
1138,"38805_at",7050,"TGIF1"
1139,"35455_i_at",10168,"ZNF197"
1140,"35825_s_at",10472,"ZBTB18"
1141,"1994_at",1386,"ATF2"
1142,"40638_at",6421,"SFPQ"
1143,"38542_at",4869,"NPM1"
1144,"1453_at",4087,"SMAD2"
1145,"38740_at",677,"ZFP36L1"
1146,"1461_at",4792,"NFKBIA"
1147,"32597_at",5934,"RBL2"
1148,"33210_at",7528,"YY1"
1149,"33425_at",10155,"TRIM28"
1150,"38184_at",5076,"PAX2"
1151,"34058_at",7700,"ZNF141"
1152,"35504_at",8289,"ARID1A"
1153,"1052_s_at",1052,"CEBPD"
1154,"36616_at",9802,"DAZAP2"
1155,"41847_at",9214,"FAIM3"
1156,"41495_at",58487,"CREBZF"
1157,"40631_at",10140,"TOB1"
1158,"31440_at",6932,"TCF7"
1159,"32203_at",10616,"RBCK1"
1160,"33794_g_at",6942,"TCF20"
1161,"34724_at",2909,"ARHGAP35"
1162,"1012_at",8850,"KAT2B"
1163,"38988_at",7468,"WHSC1"
1164,"31624_at",257,"ALX3"
1165,"40448_at",7538,"ZFP36"
1166,"40537_at",9669,"EIF5B"
1167,"32558_at",10401,"PIAS3"
1168,"33724_at",672,"BRCA1"
1169,"393_s_at",861,"RUNX1"
1170,"38165_s_at",8085,"KMT2D"
1171,"37380_at",2959,"GTF2B"
1172,"36825_at",10346,"TRIM22"
1173,"41659_at",6830,"SUPT6H"
1174,"39909_g_at",10629,"TAF6L"
1175,"37682_r_at",9782,"MATR3"
1176,"1295_at",5970,"RELA"
1177,"37417_at",5452,"POU2F2"
1178,"31544_at",2299,"FOXI1"
1179,"39622_at",8521,"GCM1"
1180,"35160_at",8861,"LDB1"
1181,"38284_at",9757,"KMT2B"
1182,"104_at",5463,"POU6F1"
1183,"38766_at",10847,"SRCAP"
1184,"36418_at",4007,"PRICKLE3"
1185,"32261_at",9031,"BAZ1B"
1186,"35020_at",8929,"PHOX2B"
1187,"112_g_at",6872,"TAF1"
1188,"38931_at",7543,"ZFX"
1189,"35409_r_at",51710,"ZNF44"
1190,"35439_at",7536,"SF1"
1191,"39076_s_at",10589,"DRAP1"
1192,"401_s_at",3131,"HLF"
1193,"37623_at",4929,"NR4A2"
1194,"35555_r_at",7546,"ZIC2"
1195,"37776_at",10745,"PHTF1"
1196,"1218_at",2063,"NR2F6"
1197,"40641_at",9044,"BTAF1"
1198,"33289_f_at",10127,"ZNF263"
1199,"1243_at",1643,"DDB2"
1200,"33905_at",8932,"MBD2"
1201,"38028_at",55885,"LMO3"
1202,"315_at",7799,"PRDM2"
1203,"35618_at",9931,"HELZ"
1204,"35311_at",8804,"CREG1"
1205,"36714_at",7182,"NR2C2"
1206,"1900_at",5925,"RB1"
1207,"36423_at",26471,"NUPR1"
1208,"33572_at",7718,"ZNF165"
1209,"34544_at",10308,"ZNF267"
1210,"743_at",4675,"NAP1L3"
1211,"40980_at",57680,"CHD8"
1212,"37106_at",6940,"ZNF354A"
1213,"33348_at",6938,"TCF12"
1214,"37212_at",6668,"SP2"
1215,"41337_at",166,"AES"
1216,"41599_at",2627,"GATA6"
1217,"41747_s_at",4205,"MEF2A"
1218,"36080_at",9575,"CLOCK"
1219,"31801_at",7110,"TMF1"
1220,"41526_at",10362,"HMG20B"
1221,"40196_at",10217,"CTDSPL"
1222,"32841_at",7555,"CNBP"
1223,"1013_at",4090,"SMAD5"
1224,"34221_at",22993,"HMGXB3"
1225,"2078_s_at",4613,"MYCN"
1226,"1915_s_at",2353,"FOS"
1227,"1977_s_at",2113,"ETS1"
1228,"41320_s_at",9208,"LRRFIP1"
1229,"456_at",6604,"SMARCD3"
1230,"38900_at",5077,"PAX3"
1231,"32038_s_at",10929,"SRSF8"
1232,"39549_at",4862,"NPAS2"
1233,"39148_s_at",546,"ATRX"
1234,"33220_at",7741,"ZSCAN26"
1235,"105_at",9970,"NR1I3"
1236,"36629_at",1831,"TSC22D3"
1237,"33344_at",9282,"MED14"
1238,"38882_r_at",10626,"TRIM16"
1239,"34328_s_at",6596,"HLTF"
1240,"654_at",4601,"MXI1"
1241,"32034_at",7764,"ZNF217"
1242,"41787_at",9819,"TSC22D2"
1243,"560_s_at",6886,"TAL1"
1244,"33675_at",5453,"POU3F1"
1245,"434_at",3005,"H1F0"
1246,"35408_i_at",51710,"ZNF44"
1247,"36768_at",4760,"NEUROD1"
1248,"35064_at",11074,"TRIM31"
1249,"1827_s_at",4609,"MYC"
1250,"40511_at",2625,"GATA3"
1251,"31779_s_at",639,"PRDM1"
1252,"35691_r_at",4784,"NFIX"
1253,"35554_f_at",7546,"ZIC2"
1254,"40570_at",2308,"FOXO1"
1255,"40754_at",2967,"GTF2H3"
1256,"32579_at",6597,"SMARCA4"
1257,"32117_at",26574,"AATF"
1258,"215_g_at",4487,"MSX1"
1259,"1344_at",5077,"PAX3"
1260,"32695_at",27336,"HTATSF1"
1261,"32817_at",23541,"SEC14L2"
1262,"32144_at",5993,"RFX5"
1263,"36073_at",4692,"NDN"
1264,"1147_at",7025,"NR2F1"
1265,"41619_at",3664,"IRF6"
1266,"32192_g_at",7703,"PCGF2"
1267,"35273_at",64210,"MMS19"
1268,"33160_at",4901,"NRL"
1269,"33643_at",4610,"MYCL"
1270,"37245_at",2551,"GABPA"
1271,"33670_at",2099,"ESR1"
1272,"38497_at",2005,"ELK4"
1273,"40121_at",3093,"UBE2K"
1274,"35657_at",6895,"TARBP2"
1275,"484_at",8648,"NCOA1"
1276,"38648_at",171017,"ZNF384"
1277,"40458_at",6776,"STAT5A"
1278,"37269_at",8216,"LZTR1"
1279,"1406_at",7181,"NR2C1"
1280,"802_at",6883,"TAF12"
1281,"2048_s_at",7068,"THRB"
1282,"37247_at",6943,"TCF21"
1283,"37390_at",9785,"DHX38"
1284,"33131_at",6659,"SOX4"
1285,"39944_at",7584,"ZNF35"
1286,"1986_at",5934,"RBL2"
1287,"38824_at",10553,"HTATIP2"
1288,"40992_s_at",8819,"SAP30"
1289,"1638_at",2120,"ETV6"
1290,"37266_at",7580,"ZNF32"
1291,"1796_s_at",602,"BCL3"
1292,"32950_at",11281,"POU6F2"
1293,"33570_at",1482,"NKX2-5"
1294,"33795_at",6942,"TCF20"
1295,"39231_at",1105,"CHD1"
1296,"31618_at",7157,"TP53"
1297,"33558_at",6910,"TBX5"
1298,"32135_at",6720,"SREBF1"
1299,"41204_s_at",7536,"SF1"
1300,"34605_at",11016,"ATF7"
1301,"35976_at",4435,"CITED1"
1302,"33688_at",2637,"GBX2"
1303,"31843_at",2104,"ESRRG"
1304,"37292_at",9794,"MAML1"
1305,"37083_s_at",9753,"ZSCAN12"
1306,"40494_at",9191,"DEDD"
1307,"37179_at",4778,"NFE2"
1308,"422_s_at",4149,"MAX"
1309,"36645_at",5970,"RELA"
1310,"34647_at",1655,"DDX5"
1311,"39461_s_at",57680,"CHD8"
1312,"40085_s_at",7024,"TFCP2"
1313,"34968_at",22847,"ZNF507"
1314,"38288_at",6591,"SNAI2"
1315,"35433_s_at",324,"APC"
1316,"31348_at",NA,NA
1317,"36383_at",2078,"ERG"
1318,"31853_at",8726,"EED"
1319,"36281_at",4807,"NHLH1"
1320,"38183_at",2294,"FOXF1"
1321,"40106_at",11100,"HNRNPUL1"
1322,"351_f_at",6428,"SRSF3"
1323,"38083_at",4853,"NOTCH2"
1324,"37418_at",5452,"POU2F2"
1325,"913_at",2078,"ERG"
1326,"33592_at",51043,"ZBTB7B"
1327,"36742_at",89870,"TRIM15"
1328,"36869_at",7849,"PAX8"
1329,"37724_at",4609,"MYC"
1330,"2028_s_at",1869,"E2F1"
1331,"41146_at",142,"PARP1"
1332,"38450_at",6741,"SSB"
1333,"31457_at",2306,"FOXD2"
1334,"33577_at",3199,"HOXA2"
1335,"40477_r_at",3607,"FOXK2"
1336,"1452_at",8543,"LMO4"
1337,"AFFX-HUMISGF3A/M97935_5_at",6772,"STAT1"
1338,"38186_g_at",5076,"PAX2"
1339,"1587_at",5916,"RARG"
1340,"37396_at",8625,"RFXANK"
1341,"2001_g_at",472,"ATM"
1342,"33482_at",4654,"MYOD1"
1343,"33484_at",6045,"RNF2"
1344,"35029_at",11074,"TRIM31"
1345,"41566_at",6939,"TCF15"
1346,"40987_at",7421,"VDR"
1347,"40117_at",4175,"MCM6"
1348,"33865_at",10771,"ZMYND11"
1349,"32259_at",2145,"EZH1"
1350,"41448_at",3206,"HOXA10"
1351,"34044_at",11077,"HSF2BP"
1352,"34640_at",6927,"HNF1A"
1353,"39779_at",6894,"TARBP1"
1354,"39708_at",6774,"STAT3"
1355,"1578_g_at",367,"AR"
1356,"33381_at",8202,"NCOA3"
1357,"1124_at",4297,"KMT2A"
1358,"38713_at",6721,"SREBF2"
1359,"1410_at",7421,"VDR"
1360,"36693_at",2140,"EYA3"
1361,"40734_r_at",4488,"MSX2"
1362,"40620_at",5074,"PAWR"
1363,"33653_at",4617,"MYF5"
1364,"39605_at",2290,"FOXG1"
1365,"36410_f_at",1993,"ELAVL2"
1366,"35186_at",27097,"TAF5L"
1367,"38633_at",9112,"MTA1"
1368,"37994_at",2332,"FMR1"
1369,"840_at",7994,"KAT6A"
1370,"37711_at",4208,"MEF2C"
1371,"36605_at",6925,"TCF4"
1372,"37271_at",6878,"TAF6"
1373,"530_at",4796,"TONSL"
1374,"40810_at",6599,"SMARCC1"
1375,"34125_at",7101,"NR2E1"
1376,"41484_r_at",3727,"JUND"
1377,"40970_at",5994,"RFXAP"
1378,"31890_s_at",7702,"ZNF143"
1379,"41708_at",23314,"SATB2"
1380,"33109_f_at",6657,"SOX2"
1381,"36031_at",3621,"ING1"
1382,"36723_at",3172,"HNF4A"
1383,"39069_at",165,"AEBP1"
1384,"545_g_at",4791,"NFKB2"
1385,"31462_f_at",6758,"SSX5"
1386,"35638_at",862,"RUNX1T1"
1387,"36619_r_at",3397,"ID1"
1388,"39426_at",10915,"TCERG1"
1389,"704_at",4774,"NFIA"
1390,"1070_at",2959,"GTF2B"
1391,"40531_at",6658,"SOX3"
1392,"41499_at",6497,"SKI"
1393,"453_at",6601,"SMARCC2"
1394,"160021_r_at",5241,"PGR"
1395,"34501_at",860,"RUNX2"
1396,"41344_s_at",5813,"PURA"
1397,"40220_at",10614,"HEXIM1"
1398,"248_at",9318,"COPS2"
1399,"34816_at",57634,"EP400"
1400,"33226_at",23030,"KDM4B"
1401,"41852_at",6018,"RLF"
1402,"1322_at",1869,"E2F1"
1403,"435_g_at",3005,"H1F0"
1404,"35139_at",57209,"ZNF248"
1405,"31913_at",2001,"ELF5"
1406,"869_at",2958,"GTF2A2"
1407,"1865_at",6498,"SKIL"
1408,"37505_at",8431,"NR0B2"
1409,"33115_at",3223,"HOXC6"
1410,"37620_at",6883,"TAF12"
1411,"38065_at",3148,"HMGB2"
1412,"40906_at",146542,"ZNF688"
1413,"35809_g_at",6431,"SRSF6"
1414,"31532_at",2122,"MECOM"
1415,"40044_at",8178,"ELL"
1416,"41412_at",27254,"CSDC2"
1417,"40724_at",7752,"ZNF200"
1418,"35377_at",26145,"IRF2BP1"
1419,"41310_f_at",2063,"NR2F6"
1420,"36238_at",4303,"FOXO4"
1421,"37535_at",1385,"CREB1"
1422,"35931_at",7554,"ZNF8"
1423,"36003_at",5073,"PARN"
1424,"1374_g_at",6929,"TCF3"
1425,"32188_at",4661,"MYT1"
1426,"1399_at",6921,"TCEB1"
1427,"1904_at",26292,"MYCBP"
1428,"35614_at",10732,"TCFL5"
1429,"36901_at",7110,"TMF1"
1430,"35477_at",7633,"ZNF79"
1431,"1388_g_at",7421,"VDR"
1432,"36822_at",8148,"TAF15"
1433,"40887_g_at",1915,"EEF1A1"
1434,"38939_r_at",10716,"TBR1"
1435,"37312_at",9792,"SERTAD2"
1436,"35370_at",9913,"SUPT7L"
1437,"41014_s_at",5308,"PITX2"
1438,"41567_at",6939,"TCF15"
1439,"35047_at",5990,"RFX2"
1440,"38876_at",140462,"ASB9"
1441,"39256_at",11278,"KLF12"
1442,"476_s_at",3065,"HDAC1"
1443,"36027_at",5435,"POLR2F"
1444,"35452_at",54581,"SCAND2P"
1445,"39494_at",2966,"GTF2H2"
1446,"33316_at",9760,"TOX"
1447,"39948_at",4149,"MAX"
1448,"32024_at",202559,"KHDRBS2"
1449,"31436_s_at",2100,"ESR2"
1450,"37915_at",29994,"BAZ2B"
1451,"38015_at",NA,NA
1452,"35573_r_at",56242,"ZNF253"
1453,"38932_at",7553,"ZNF7"
1454,"31879_at",8939,"FUBP3"
1455,"39548_at",4862,"NPAS2"
1456,"1489_s_at",4610,"MYCL"
1457,"1893_s_at",2099,"ESR1"
1458,"33252_at",4172,"MCM3"
1459,"35102_at",55888,"ZKSCAN7"
1460,"40466_at",4802,"NFYC"
1461,"34396_at",171023,"ASXL1"
1462,"36510_at",2963,"GTF2F2"
1463,"36882_at",3235,"HOXD9"
1464,"41222_at",6778,"STAT6"
1465,"33338_at",6772,"STAT1"
1466,"33315_at",6936,"GCFC2"
1467,"34241_at",2626,"GATA4"
1468,"39254_at",26064,"RAI14"
1469,"38782_at",2965,"GTF2H1"
1470,"40200_at",3297,"HSF1"
1471,"36794_at",58500,"ZNF250"
1472,"40264_g_at",7542,"ZFPL1"
1473,"202_at",3298,"HSF2"
1474,"38158_at",9700,"ESPL1"
1475,"1621_at",988,"CDC5L"
1476,"39187_at",860,"RUNX2"
1477,"36813_at",9319,"TRIP13"
1478,"37126_at",6737,"TRIM21"
1479,"37114_at",463,"ZFHX3"
1480,"38444_at",8048,"CSRP3"
1481,"40362_at",4791,"NFKB2"
1482,"473_g_at",6777,"STAT5B"
1483,"33408_at",22982,"DIP2C"
1484,"39171_at",56998,"CTNNBIP1"
1485,"328_at",168374,"ZNF92"
1486,"36118_at",8648,"NCOA1"
1487,"39138_g_at",4798,"NFRKB"
1488,"34855_at",10914,"PAPOLA"
1489,"37872_at",8629,"JRK"
1490,"38589_i_at",5757,"PTMA"
1491,"33086_at",5626,"PROP1"
1492,"40763_at",4211,"MEIS1"
1493,"34928_at",7755,"ZNF205"
1494,"34419_at",5890,"RAD51B"
1495,"31676_at",7757,"ZNF208"
1496,"34244_r_at",26013,"L3MBTL1"
1497,"41573_at",6670,"SP3"
1498,"39455_r_at",3196,"TLX2"
1499,"40392_at",1045,"CDX2"
1500,"38639_at",10608,"MXD4"
1501,"40609_at",57680,"CHD8"
1502,"584_s_at",7520,"XRCC5"
1503,"37381_g_at",2959,"GTF2B"
1504,"39863_at",9726,"ZNF646"
1505,"40091_at",604,"BCL6"
1506,"40660_at",8013,"NR4A3"
1507,"31903_at",26039,"SS18L1"
1508,"616_s_at",7067,"THRA"
1509,"34355_at",4204,"MECP2"
1510,"41532_at",7709,"ZBTB17"
1511,"34695_at",6603,"SMARCD2"
1512,"40375_at",1960,"EGR3"
1513,"32099_at",9667,"SAFB2"
1514,"41095_at",2068,"ERCC2"
1515,"35968_s_at",405,"ARNT"
1516,"1935_at",4194,"MDM4"
1517,"509_at",4089,"SMAD4"
1518,"35647_at",7508,"XPC"
1519,"40535_i_at",9669,"EIF5B"
1520,"40245_at",7699,"ZNF140"
1521,"41308_at",1487,"CTBP1"
1522,"41316_s_at",6294,"SAFB"
1523,"36411_s_at",1993,"ELAVL2"
1524,"37551_at",9640,"ZNF592"
1525,"1378_g_at",4790,"NFKB1"
1526,"38491_at",2120,"ETV6"
1527,"35611_at",7539,"ZFP37"
1528,"37732_at",23429,"RYBP"
1529,"33977_at",2672,"GFI1"
1530,"1642_at",9112,"MTA1"
1531,"33209_at",7528,"YY1"
1532,"33976_at",3175,"ONECUT1"
1533,"34782_at",3720,"JARID2"
1534,"41465_at",7707,"ZNF148"
1535,"33810_at",8295,"TRRAP"
1536,"37426_at",27324,"TOX3"
1537,"32786_at",3726,"JUNB"
1538,"318_at",8971,"H1FX"
1539,"211_at",1810,"DR1"
1540,"40740_at",5080,"PAX6"
1541,"40398_s_at",4223,"MEOX2"
1542,"37739_at",6749,"SSRP1"
1543,"153_f_at",8970,"HIST1H2BJ"
1544,"32049_f_at",6924,"TCEB3"
1545,"31667_r_at",10002,"NR2E3"
1546,"41578_at",4808,"NHLH2"
1547,"1465_s_at",4603,"MYBL1"
1548,"41345_at",5813,"PURA"
1549,"720_at",3299,"HSF4"
1550,"1519_at",2114,"ETS2"
1551,"35804_at",9070,"ASH2L"
1552,"35187_at",51592,"TRIM33"
1553,"35984_at",1876,"E2F6"
1554,"31946_s_at",2290,"FOXG1"
1555,"31443_at",861,"RUNX1"
1556,"154_at",6872,"TAF1"
1557,"34584_at",7596,"ZNF45"
1558,"AFFX-HUMISGF3A/M97935_MB_at",6772,"STAT1"
1559,"39158_at",22809,"ATF5"
1560,"36340_at",7586,"ZKSCAN1"
1561,"1433_g_at",4088,"SMAD3"
1562,"41033_at",7637,"ZNF84"
1563,"34990_at",26040,"SETBP1"
1564,"121_at",7849,"PAX8"
1565,"35706_at",9975,"NR1D2"
1566,"40823_s_at",4775,"NFATC3"
1567,"33386_at",3005,"H1F0"
1568,"36112_r_at",6427,"SRSF2"
1569,"32253_at",473,"RERE"
1570,"34312_at",10499,"NCOA2"
1571,"38568_at",10210,"TOPORS"
1572,"38179_at",7727,"ZNF174"
1573,"36214_at",9314,"KLF4"
1574,"40993_r_at",8819,"SAP30"
1575,"32015_at",26108,"PYGO1"
1576,"33113_at",10370,"CITED2"
1577,"37920_at",5307,"PITX1"
1578,"35163_at",22887,"FOXJ3"
1579,"35045_r_at",2128,"EVX1"
1580,"33106_at",10062,"NR1H3"
1581,"32411_at",6671,"SP4"
1582,"39540_at",51341,"ZBTB7A"
1583,"41442_at",863,"CBFA2T3"
1584,"37931_at",1059,"CENPB"
1585,"34068_f_at",6756,"SSX1"
1586,"34337_s_at",22823,"MTF2"
1587,"32961_at",10260,"DENND4A"
1588,"35456_r_at",10168,"ZNF197"
1589,"37156_at",2115,"ETV1"
1590,"34356_at",9412,"MED21"
1591,"32189_g_at",4661,"MYT1"
1592,"33922_at",7799,"PRDM2"
1593,"41203_at",7536,"SF1"
1594,"40791_at",5430,"POLR2A"
1595,"35859_f_at",5387,"PMS2P3"
1596,"41461_at",5378,"PMS1"
1597,"40530_at",323,"APBB2"
1598,"1918_at",6497,"SKI"
1599,"40179_at",10009,"ZBTB33"
1600,"38754_at",26471,"NUPR1"
1601,"39620_at",5463,"POU6F1"
1602,"31639_f_at",6656,"SOX1"
1603,"31620_at",347853,"TBX10"
1604,"41695_at",23099,"ZBTB43"
1605,"31658_at",50674,"NEUROG3"
1606,"1171_s_at",5451,"POU2F1"
1607,"36045_at",10973,"ASCC3"
1608,"41161_at",1616,"DAXX"
1609,"204_at",3201,"HOXA4"
1610,"36899_at",6304,"SATB1"
1611,"1895_at",3725,"JUN"
1612,"32465_at",579,"NKX3-2"
1613,"41452_at",23660,"ZKSCAN5"
1614,"1873_at",7508,"XPC"
1615,"33440_at",6935,"ZEB1"
1616,"32976_s_at",7552,"ZNF711"
1617,"39400_at",23102,"TBC1D2B"
1618,"36171_at",10923,"SUB1"
1619,"416_s_at",3222,"HOXC5"
1620,"784_g_at",11059,"WWP1"
1621,"35979_at",9150,"CTDP1"
1622,"32985_at",6299,"SALL1"
1623,"35908_at",11063,"SOX30"
1624,"1856_at",5966,"REL"
1625,"32274_r_at",2547,"XRCC6"
1626,"40263_at",7542,"ZFPL1"
1627,"37928_at",4801,"NFYB"
1628,"37152_at",5467,"PPARD"
1629,"1102_s_at",2908,"NR3C1"
1630,"37932_at",9321,"TRIP11"
1631,"40886_at",1915,"EEF1A1"
1632,"1711_at",7158,"TP53BP1"
1633,"33616_at",7597,"ZBTB25"
1634,"1724_at",1874,"E2F4"
1635,"143_s_at",6877,"TAF5"
1636,"34751_at",22890,"ZBTB1"
1637,"40526_at",84444,"DOT1L"
1638,"41087_at",1749,"DLX5"
1639,"1952_s_at",4090,"SMAD5"
1640,"37632_s_at",27000,"DNAJC2"
1641,"845_at",6778,"STAT6"
1642,"35738_at",10473,"HMGN4"
1643,"41043_at",6665,"SOX15"
1644,"32066_g_at",1390,"CREM"
1645,"33203_s_at",2297,"FOXD1"
1646,"38779_r_at",3068,"HDGF"
1647,"40221_at",9013,"TAF1C"
1648,"39668_at",7021,"TFAP2B"
1649,"40525_at",84444,"DOT1L"
1650,"34606_s_at",11016,"ATF7"
1651,"40178_at",10009,"ZBTB33"
1652,"37575_at",1386,"ATF2"
1653,"1872_at",5888,"RAD51"
1654,"38795_s_at",7343,"UBTF"
1655,"36065_at",9079,"LDB2"
1656,"37971_at",11177,"BAZ1A"
1657,"40261_at",23543,"RBFOX2"
1658,"32952_at",11281,"POU6F2"
1659,"40811_at",26036,"ZNF451"
1660,"41160_at",53615,"MBD3"
1661,"39894_f_at",23774,"BRD1"
1662,"38195_at",9678,"PHF14"
1663,"32751_at",3609,"ILF3"
1664,"35758_at",10856,"RUVBL2"
1665,"1571_f_at",5925,"RB1"
1666,"40998_at",9968,"MED12"
1667,"31393_r_at",8433,"UTF1"
1668,"35425_at",8538,"BARX2"
1669,"40453_s_at",6430,"SRSF5"
1670,"40202_at",687,"KLF9"
1671,"34611_at",7745,"ZKSCAN8"
1672,"35019_at",9534,"ZNF254"
1673,"41356_at",53335,"BCL11A"
1674,"947_at",4176,"MCM7"
1675,"34828_at",5438,"POLR2I"
1676,"32238_at",274,"BIN1"
1677,"40846_g_at",3609,"ILF3"
1678,"41562_at",648,"BMI1"
1679,"1132_s_at",5916,"RARG"
1680,"39146_at",546,"ATRX"
1681,"38422_s_at",2274,"FHL2"
1682,"405_at",6256,"RXRA"
1683,"31730_at",3010,"HIST1H1T"
1684,"37949_at",6632,"SNRPD1"
1685,"32286_at",6899,"TBX1"
1686,"35226_at",2139,"EYA2"
1687,"38810_at",10014,"HDAC5"
1688,"32040_i_at",988,"CDC5L"
1689,"32067_at",1390,"CREM"
1690,"32553_at",4150,"MAZ"
1691,"41690_at",84159,"ARID5B"
1692,"34470_at",22797,"TFEC"
1693,"37910_at",3054,"HCFC1"
1694,"33923_s_at",7799,"PRDM2"
1695,"1989_at",675,"BRCA2"
1696,"39730_at",25,"ABL1"
1697,"36297_at",466,"ATF1"
1698,"748_s_at",4601,"MXI1"
1699,"454_at",6602,"SMARCD1"
1700,"32912_at",5456,"POU3F4"
1701,"32284_at",6899,"TBX1"
1702,"34431_at",2100,"ESR2"
1703,"1518_at",2113,"ETS1"
1704,"35012_at",4332,"MNDA"
1705,"33620_at",3213,"HOXB3"
1706,"40962_s_at",6595,"SMARCA2"
1707,"455_at",6603,"SMARCD2"
1708,"36485_at",6650,"CAPN15"
1709,"39219_at",1054,"CEBPG"
1710,"35103_i_at",4004,"LMO1"
1711,"35092_at",6621,"SNAPC4"
1712,"32241_at",23435,"TARDBP"
1713,"38142_at",10520,"ZNF211"
1714,"41525_at",10362,"HMG20B"
1715,"39048_at",4855,"NOTCH4"
1716,"1486_at",5439,"POLR2J"
1717,"32065_at",1390,"CREM"
1718,"35352_at",9915,"ARNT2"
1719,"32635_at",51592,"TRIM33"
1720,"39935_at",6498,"SKIL"
1721,"34669_at",7030,"TFE3"
1722,"37486_f_at",4213,"MEIS3P1"
1723,"41348_at",10265,"IRX5"
1724,"423_at",2130,"EWSR1"
1725,"2025_s_at",328,"APEX1"
1726,"41713_at",7586,"ZKSCAN1"
1727,"38055_at",5439,"POLR2J"
1728,"34274_at",22828,"SCAF8"
1729,"38590_r_at",5757,"PTMA"
1730,"32899_s_at",6095,"RORA"
1731,"32589_at",10036,"CHAF1A"
1732,"34014_f_at",5449,"POU1F1"
1733,"40595_at",6949,"TCOF1"
1734,"40004_at",6495,"SIX1"
1735,"38733_at",7520,"XRCC5"
1736,"35624_at",22881,"ANKRD6"
1737,"39658_at",9841,"ZBTB24"
1738,"41846_at",1406,"CRX"
1739,"41503_at",22882,"ZHX2"
